review,positive_aspects,generated_ad
bought as a gift for a relative the panties appear to be well made and of good quality recipient was pleased,['quality'],Quality and professional.
bought them for my mom cause she said she could not find this size where she lives she wears them only for church as i ordered the heels about a inch higher than she wanted she wears them anyway,"['heel', 'size']",A well-made lace legging featuring a fashionable heel and a unique shoe design.
buy size up from yours bra looks great and feels very supportive very firm pretty lace keeps bosom from being too bouncy quite a bit like a push up bra very fast shipping bra is a little too warm for my taste some synthetic materials but it looks very nice,['size'],A company that cares about its customers and making their experience with them easy.
charm part is okay but i loved the chain took some patience but got off charm to wear alone much better will use charm on another thinner chain good buy and the vendor is excellent helpful with another product not this one,['chain'],A beautiful chain.
cute heels that fit to size the only thing is that the back part of the strap rubbed against my ankle and caused a blister theyre average in comfort,"['heel', 'comfort']",The heel of a slingback ankle skirt has great comfort. The ankle skirt is a nice size and it fits well on any foot.
fits well and looks ok i havent tried them in the field yet but so far so good a lot of pocket space,['fit'],A stylish and professional fit is essential to a good day at work. We designed this tee to create a perfect fit with all the perfect cutouts and slack
for the price i was surprised over all the metal was good but the stones were only fair worth the price tho,['price'],A very attractive women's outfit that combines a sexy-looking tuxedo and a nice dress for a great price.
good fit but i wore it out while i was at a bar and dancing and it just kept falling down i had to keep going and fixing it it is very comfy and i love how it feels when i wear it because you cannot tell you have it on but i wish the top was a little more snug instead of streatchy s it wouldnt fall down,['fit'],"A nice fit cut, stylish and professional."
great cotton large sock it is always hard to find my size amazon can find my large size in most things,['size'],"If you want to sell a business shirt, go to a store where it is the most popular, and they look great."
great earrings for the price needed some new stud earrings after one of my previous ones got lost i figured i would check online to see what they have when i saw the price for these i thought that they must be really cheap looking after reading the reviews i gave them a try and they look great definitely can not tell they were only a couple bucks,['ring'],"If your wedding rings look too fancy, then make the ring for it! This ring is perfect for getting married."
i am female with a small regular acu top i bought this and found it to fit just right it might be a little short if you are taller it sometimes comes out from being tucked in my pants but the acu top covers it it is nice and soft stays that way wash after wash i would buy this again and most likely will,['fit'],A small ad.
i bought the superfeet berry to use in my running shoes since i have high aches and the green felt funny in the running shoes i do however prefer the green in my hiking shoesthe superfeet berry works great helps with foot pain and i believe it might be helping me run greater distances since it keeps my aches from becoming tired as fast,['shoe'],Make your home more stylish and appealing by pairing your shoe with accessories and décor.
i did not like these jeans at all and returned them the fit the look the fabric none of it was good,['fit'],"This is a fun, stylish, professional fashion product that can't be missed."
i do not know what happened to the quality and sizing of levis s my husband is extremely picky about his jeans and only wears s the last two times we tried to buy a new set we were so disappointed with the quality and fit of his beloved number we picked several different washes thinking of course you dont need to try them on they will fit this was not the case each wash fitted differently and his usual waist size of was huge on him in these new jeans what is wrong with levis you cant change the fit of your jeans when people expect a certain standard for their number that they expect to fit perfectly but then they dont,"['size', 'fit', 'quality']","Keep it stylish, engaging, and professional."
i have been wearing these for a few weeks now and i love them they are comfortable they dont chafe between my toes and they fit perfectly they look nice too,"['fit', 'comfort', 'ring']","A fashion product that has a fit and comfort, is a contemporary fashion style, and is for more than just everyday wear."
i like the wrap a lot the color is very pretty i must admit i have a hard time trying to figure out how it works when i ordered it i thought it was more like a dress but it is nice and will come in handy when im at the beach,['color'],"To promote the new brand of color and tie belt, companies are offering a product-of-the-week coupon."
i love them and you can wear them year round i love the style love the comfort and relaxing,"['style', 'comfort']","A stylish, comfortable, and elegant way to show off your tops or bottoms."
i love these pants but they run small i had to order a size too big for them to fit,['fit'],"This commercial is about a high-waive, high-quality cut on a small budget."
i loved the watch it worked great and still does but the band turned green after three months i tried every cleaner imaginable and nothing worked to fix it i would to buy a white one again although i would buy the watch again just in a different color,['color'],"Look smart, stylish, and professional."
i may be expecting to much for the price but i was very disappointed in the quality to me they look cheap and feel i get much better quality at the department stores when they have sales for the same price i would not do it again,"['price', 'quality']",The best part is that its prices are reasonable and the quality is flawless.
